{
  "model": "IndoBERT",
  "model_name": "indobenchmark/indobert-base-p1",
  "overall_metrics": {
    "accuracy": 0.8649350649350649,
    "accuracy_percentage": 86.49350649350649
  },
  "per_class_metrics": {
    "negative": {
      "precision": 0.9009433962264151,
      "recall": 0.9116945107398569,
      "f1": 0.9062870699881376
    },
    "positive": {
      "precision": 0.824,
      "recall": 0.8547717842323651,
      "f1": 0.8391038696537678
    },
    "neutral": {
      "precision": 0.8125,
      "recall": 0.7090909090909091,
      "f1": 0.7572815533980582
    }
  },
  "confusion_matrix": {
    "matrix": [
      [
        382,
        27,
        10
      ],
      [
        27,
        206,
        8
      ],
      [
        15,
        17,
        78
      ]
    ],
    "labels": [
      "negative",
      "positive",
      "neutral"
    ]
  },
  "dataset_info": {
    "total_samples": 7692,
    "train_samples": 6922,
    "test_samples": 770,
    "classes": [
      "negative",
      "positive",
      "neutral"
    ]
  },
  "training_config": {
    "num_epochs": 3,
    "batch_size": 8,
    "max_length": 128,
    "learning_rate": 2e-05
  }
}