{
  "model": "IndoBERT",
  "model_name": "indobenchmark/indobert-base-p1",
  "overall_metrics": {
    "accuracy": 0.8155844155844156,
    "accuracy_percentage": 81.55844155844156
  },
  "per_class_metrics": {
    "negative": {
      "precision": 0.825668449197861,
      "recall": 0.9234449760765551,
      "f1": 0.8718238283455675
    },
    "positive": {
      "precision": 0.7809734513274337,
      "recall": 0.7293388429752066,
      "f1": 0.7542735042735043
    },
    "neutral": {
      "precision": 0.8562091503267973,
      "recall": 0.5954545454545455,
      "f1": 0.7024128686327078
    }
  },
  "confusion_matrix": {
    "matrix": [
      [
        772,
        54,
        10
      ],
      [
        119,
        353,
        12
      ],
      [
        44,
        45,
        131
      ]
    ],
    "labels": [
      "negative",
      "positive",
      "neutral"
    ]
  },
  "dataset_info": {
    "total_samples": 7698,
    "train_samples": 6158,
    "test_samples": 1540,
    "classes": [
      "negative",
      "positive",
      "neutral"
    ]
  },
  "training_config": {
    "num_epochs": 3,
    "batch_size": 8,
    "max_length": 128,
    "learning_rate": 2e-05
  }
}