{
  "model": "Naive Bayes + TF-IDF",
  "overall_metrics": {
    "accuracy": 0.7878787878787878,
    "accuracy_percentage": 78.78787878787878
  },
  "per_class_metrics": {
    "negative": {
      "precision": 0.7685185185185185,
      "recall": 0.8924731182795699,
      "f1": 0.8258706467661692
    },
    "positive": {
      "precision": 0.8245614035087719,
      "recall": 0.6527777777777778,
      "f1": 0.7286821705426356
    }
  },
  "confusion_matrix": {
    "matrix": [
      [
        83,
        10
      ],
      [
        25,
        47
      ]
    ],
    "labels": [
      "negative",
      "positive"
    ]
  },
  "dataset_info": {
    "total_samples": 825,
    "train_samples": 660,
    "test_samples": 165,
    "classes": [
      "negative",
      "positive"
    ]
  }
}