{
  "model": "Naive Bayes + TF-IDF",
  "overall_metrics": {
    "accuracy": 0.6038961038961039,
    "accuracy_percentage": 60.3896103896104
  },
  "per_class_metrics": {
    "negative": {
      "precision": 0.5893371757925072,
      "recall": 0.9761336515513126,
      "f1": 0.7349505840071878
    },
    "neutral": {
      "precision": 0.7142857142857143,
      "recall": 0.045454545454545456,
      "f1": 0.08547008547008547
    },
    "positive": {
      "precision": 0.7391304347826086,
      "recall": 0.21161825726141079,
      "f1": 0.32903225806451614
    }
  },
  "confusion_matrix": {
    "matrix": [
      [
        409,
        1,
        9
      ],
      [
        96,
        5,
        9
      ],
      [
        189,
        1,
        51
      ]
    ],
    "labels": [
      "negative",
      "neutral",
      "positive"
    ]
  },
  "dataset_info": {
    "total_samples": 7692,
    "train_samples": 6922,
    "test_samples": 770,
    "classes": [
      "negative",
      "neutral",
      "positive"
    ]
  }
}