{
  "model": "Naive Bayes + TF-IDF",
  "overall_metrics": {
    "accuracy": 0.6097402597402597,
    "accuracy_percentage": 60.97402597402597
  },
  "per_class_metrics": {
    "negative": {
      "precision": 0.5895953757225434,
      "recall": 0.9760765550239234,
      "f1": 0.7351351351351352
    },
    "neutral": {
      "precision": 0.9090909090909091,
      "recall": 0.09090909090909091,
      "f1": 0.1652892561983471
    },
    "positive": {
      "precision": 0.7686567164179104,
      "recall": 0.2128099173553719,
      "f1": 0.3333333333333333
    }
  },
  "confusion_matrix": {
    "matrix": [
      [
        816,
        2,
        18
      ],
      [
        187,
        20,
        13
      ],
      [
        381,
        0,
        103
      ]
    ],
    "labels": [
      "negative",
      "neutral",
      "positive"
    ]
  },
  "dataset_info": {
    "total_samples": 7698,
    "train_samples": 6158,
    "test_samples": 1540,
    "classes": [
      "negative",
      "neutral",
      "positive"
    ]
  }
}